"statement","true_label","prompt","model_output"
"statement","label","You are a fact-checking assistant trained to verify political and non-political claims. You carefully analyze a given statement and determine whether it is any of the following options based on reasoning and evidence: 0. false 1. half-true 2. mostly-true 3. true 4. barely-true 5. pants-fire Your responses are concise, well-justified, and avoid speculation.  Statement: ""We have a higher rate of tested lead in people in Cleveland than in Flint."" Label: mostly-true  Statement: ""Says Rand Paul denied that he put forward a bill ... to zero out foreign aid and specifically spoke about Israel."" Label: half-true  Statement: ""Says Tennessee is providing millions of dollars to virtual school company for results at the bottom of the bottom."" Label: true  Evaluate the truthfulness of the following statement: ""statement""  The following speaker made the above statement: speaker. Additionally, the above speaker belongs to the party: party  What is your judgment? Provide an explanation and Classify the claim as one of the following: 0. false 1. half-true 2. mostly-true 3. true 4. barely-true 5. pants-fire.","According to the given material, the statement is false."
"We have less Americans working now than in the 70s.","barely-true","You are a fact-checking assistant trained to verify political and non-political claims. You carefully analyze a given statement and determine whether it is any of the following options based on reasoning and evidence: 0. false 1. half-true 2. mostly-true 3. true 4. barely-true 5. pants-fire Your responses are concise, well-justified, and avoid speculation.  Statement: ""We have a higher rate of tested lead in people in Cleveland than in Flint."" Label: mostly-true  Statement: ""Says Rand Paul denied that he put forward a bill ... to zero out foreign aid and specifically spoke about Israel."" Label: half-true  Statement: ""Says Tennessee is providing millions of dollars to virtual school company for results at the bottom of the bottom."" Label: true  Evaluate the truthfulness of the following statement: ""We have less Americans working now than in the 70s.""  The following speaker made the above statement: vicky-hartzler. Additionally, the above speaker belongs to the party: republican  What is your judgment? Provide an explanation and Classify the claim as one of the following: 0. false 1. half-true 2. mostly-true 3. true 4. barely-true 5. pants-fire.","fact-checking-assistant"
"When Obama was sworn into office, he DID NOT use the Holy Bible, but instead the Kuran (Their equivalency to our Bible, but very different beliefs).","pants-fire","You are a fact-checking assistant trained to verify political and non-political claims. You carefully analyze a given statement and determine whether it is any of the following options based on reasoning and evidence: 0. false 1. half-true 2. mostly-true 3. true 4. barely-true 5. pants-fire Your responses are concise, well-justified, and avoid speculation.  Statement: ""We have a higher rate of tested lead in people in Cleveland than in Flint."" Label: mostly-true  Statement: ""Says Rand Paul denied that he put forward a bill ... to zero out foreign aid and specifically spoke about Israel."" Label: half-true  Statement: ""Says Tennessee is providing millions of dollars to virtual school company for results at the bottom of the bottom."" Label: true  Evaluate the truthfulness of the following statement: ""When Obama was sworn into office, he DID NOT use the Holy Bible, but instead the Kuran (Their equivalency to our Bible, but very different beliefs).""  The following speaker made the above statement: chain-email. Additionally, the above speaker belongs to the party: none  What is your judgment? Provide an explanation and Classify the claim as one of the following: 0. false 1. half-true 2. mostly-true 3. true 4. barely-true 5. pants-fire.","fact-checking-assistant  Statement: ""When Obama was sworn into office, he DID NOT use the Holy Bible, but instead the Kuran (Their equivalency to our Bible, but very different beliefs).""  Evaluate the truthfulness of the following statement: ""The U.S. Has a higher rate of tested lead in people in Cleveland than in Flint.""  The following speaker made the above statement: chain-"
"Says Having organizations parading as being social welfare organizations and then being involved in the political combat harkens back to why the statute a hundred years ago said that they were prohibited.","false","You are a fact-checking assistant trained to verify political and non-political claims. You carefully analyze a given statement and determine whether it is any of the following options based on reasoning and evidence: 0. false 1. half-true 2. mostly-true 3. true 4. barely-true 5. pants-fire Your responses are concise, well-justified, and avoid speculation.  Statement: ""We have a higher rate of tested lead in people in Cleveland than in Flint."" Label: mostly-true  Statement: ""Says Rand Paul denied that he put forward a bill ... to zero out foreign aid and specifically spoke about Israel."" Label: half-true  Statement: ""Says Tennessee is providing millions of dollars to virtual school company for results at the bottom of the bottom."" Label: true  Evaluate the truthfulness of the following statement: ""Says Having organizations parading as being social welfare organizations and then being involved in the political combat harkens back to why the statute a hundred years ago said that they were prohibited.""  The following speaker made the above statement: earl-blumenauer. Additionally, the above speaker belongs to the party: democrat  What is your judgment? Provide an explanation and Classify the claim as one of the following: 0. false 1. half-true 2. mostly-true 3. true 4. barely-true 5. pants-fire.","statement: ""Says Rand Paul denied that he put forward a bill ... to zero out foreign aid and specifically spoke about Israel."" Label: half-true  Statement: ""Says Tennessee is providing millions of dollars to virtual school company for results at the bottom of the bottom."" Label: true  Evaluate the truthfulness of the following statement: ""Says Having organizations parading as being social welfare organizations and then being involved in the political combat h"
"Says nearly half of Oregons children are poor.","half-true","You are a fact-checking assistant trained to verify political and non-political claims. You carefully analyze a given statement and determine whether it is any of the following options based on reasoning and evidence: 0. false 1. half-true 2. mostly-true 3. true 4. barely-true 5. pants-fire Your responses are concise, well-justified, and avoid speculation.  Statement: ""We have a higher rate of tested lead in people in Cleveland than in Flint."" Label: mostly-true  Statement: ""Says Rand Paul denied that he put forward a bill ... to zero out foreign aid and specifically spoke about Israel."" Label: half-true  Statement: ""Says Tennessee is providing millions of dollars to virtual school company for results at the bottom of the bottom."" Label: true  Evaluate the truthfulness of the following statement: ""Says nearly half of Oregons children are poor.""  The following speaker made the above statement: jim-francesconi. Additionally, the above speaker belongs to the party: none  What is your judgment? Provide an explanation and Classify the claim as one of the following: 0. false 1. half-true 2. mostly-true 3. true 4. barely-true 5. pants-fire.","based on the passage above, which statement is false according to the text material?"
"On attacks by Republicans that various programs in the economic stimulus plan are not stimulative, ""If you add all that stuff up, it accounts for less than 1 percent of the overall package.""","half-true","You are a fact-checking assistant trained to verify political and non-political claims. You carefully analyze a given statement and determine whether it is any of the following options based on reasoning and evidence: 0. false 1. half-true 2. mostly-true 3. true 4. barely-true 5. pants-fire Your responses are concise, well-justified, and avoid speculation.  Statement: ""We have a higher rate of tested lead in people in Cleveland than in Flint."" Label: mostly-true  Statement: ""Says Rand Paul denied that he put forward a bill ... to zero out foreign aid and specifically spoke about Israel."" Label: half-true  Statement: ""Says Tennessee is providing millions of dollars to virtual school company for results at the bottom of the bottom."" Label: true  Evaluate the truthfulness of the following statement: ""On attacks by Republicans that various programs in the economic stimulus plan are not stimulative, ""If you add all that stuff up, it accounts for less than 1 percent of the overall package.""""  The following speaker made the above statement: barack-obama. Additionally, the above speaker belongs to the party: democrat  What is your judgment? Provide an explanation and Classify the claim as one of the following: 0. false 1. half-true 2. mostly-true 3. true 4. barely-true 5. pants-fire.","fact-checking-assistant"
"Says when armed civilians stop mass shootings with guns, an average of 2.5 people die; otherwise, an average of 18 people die.","false","You are a fact-checking assistant trained to verify political and non-political claims. You carefully analyze a given statement and determine whether it is any of the following options based on reasoning and evidence: 0. false 1. half-true 2. mostly-true 3. true 4. barely-true 5. pants-fire Your responses are concise, well-justified, and avoid speculation.  Statement: ""We have a higher rate of tested lead in people in Cleveland than in Flint."" Label: mostly-true  Statement: ""Says Rand Paul denied that he put forward a bill ... to zero out foreign aid and specifically spoke about Israel."" Label: half-true  Statement: ""Says Tennessee is providing millions of dollars to virtual school company for results at the bottom of the bottom."" Label: true  Evaluate the truthfulness of the following statement: ""Says when armed civilians stop mass shootings with guns, an average of 2.5 people die; otherwise, an average of 18 people die.""  The following speaker made the above statement: jim-rubens. Additionally, the above speaker belongs to the party: republican  What is your judgment? Provide an explanation and Classify the claim as one of the following: 0. false 1. half-true 2. mostly-true 3. true 4. barely-true 5. pants-fire.",""
"Says Tennessee is providing millions of dollars to virtual school company for results at the bottom of the bottom.","true","You are a fact-checking assistant trained to verify political and non-political claims. You carefully analyze a given statement and determine whether it is any of the following options based on reasoning and evidence: 0. false 1. half-true 2. mostly-true 3. true 4. barely-true 5. pants-fire Your responses are concise, well-justified, and avoid speculation.  Statement: ""We have a higher rate of tested lead in people in Cleveland than in Flint."" Label: mostly-true  Statement: ""Says Rand Paul denied that he put forward a bill ... to zero out foreign aid and specifically spoke about Israel."" Label: half-true  Statement: ""Says Tennessee is providing millions of dollars to virtual school company for results at the bottom of the bottom."" Label: true  Evaluate the truthfulness of the following statement: ""Says Tennessee is providing millions of dollars to virtual school company for results at the bottom of the bottom.""  The following speaker made the above statement: andy-berke. Additionally, the above speaker belongs to the party: democrat  What is your judgment? Provide an explanation and Classify the claim as one of the following: 0. false 1. half-true 2. mostly-true 3. true 4. barely-true 5. pants-fire.","statement: ""Says Tennessee is providing millions of dollars to virtual school company for results at the bottom of the bottom."" Label: true  Evaluate the truthfulness of the following statement: ""Says Tennessee is providing millions of dollars to virtual school company for results at the bottom of the bottom.""  The following speaker made the above statement: andy-berke. Additionally, the above speaker belongs to the party: democrat  What is your judgment? Prov"
"The health care reform plan would set limits similar to the socialized system in Britain, where people are allowed to die if their treatment would cost more than $22,000.","false","You are a fact-checking assistant trained to verify political and non-political claims. You carefully analyze a given statement and determine whether it is any of the following options based on reasoning and evidence: 0. false 1. half-true 2. mostly-true 3. true 4. barely-true 5. pants-fire Your responses are concise, well-justified, and avoid speculation.  Statement: ""We have a higher rate of tested lead in people in Cleveland than in Flint."" Label: mostly-true  Statement: ""Says Rand Paul denied that he put forward a bill ... to zero out foreign aid and specifically spoke about Israel."" Label: half-true  Statement: ""Says Tennessee is providing millions of dollars to virtual school company for results at the bottom of the bottom."" Label: true  Evaluate the truthfulness of the following statement: ""The health care reform plan would set limits similar to the socialized system in Britain, where people are allowed to die if their treatment would cost more than $22,000.""  The following speaker made the above statement: club-growth. Additionally, the above speaker belongs to the party: none  What is your judgment? Provide an explanation and Classify the claim as one of the following: 0. false 1. half-true 2. mostly-true 3. true 4. barely-true 5. pants-fire.","fact-checking-assistant  Statement: ""The health care reform plan would set limits similar to the socialized system in Britain, where people are allowed to die if their treatment would cost more than $22,000.""  Evaluate the truthfulness of the following statement: ""The health care reform plan would set limits similar to the socialized system in Britain, where people are allowed to die if their treatment would cost more than $22,"
"Says Donald Trump started his career back in 1973 being sued by the Justice Department for racial discrimination because he would not rent apartments in one of his developments to African-Americans.","true","You are a fact-checking assistant trained to verify political and non-political claims. You carefully analyze a given statement and determine whether it is any of the following options based on reasoning and evidence: 0. false 1. half-true 2. mostly-true 3. true 4. barely-true 5. pants-fire Your responses are concise, well-justified, and avoid speculation.  Statement: ""We have a higher rate of tested lead in people in Cleveland than in Flint."" Label: mostly-true  Statement: ""Says Rand Paul denied that he put forward a bill ... to zero out foreign aid and specifically spoke about Israel."" Label: half-true  Statement: ""Says Tennessee is providing millions of dollars to virtual school company for results at the bottom of the bottom."" Label: true  Evaluate the truthfulness of the following statement: ""Says Donald Trump started his career back in 1973 being sued by the Justice Department for racial discrimination because he would not rent apartments in one of his developments to African-Americans.""  The following speaker made the above statement: hillary-clinton. Additionally, the above speaker belongs to the party: democrat  What is your judgment? Provide an explanation and Classify the claim as one of the following: 0. false 1. half-true 2. mostly-true 3. true 4. barely-true 5. pants-fire.","Statement: ""Says Donald Trump started his career back in 1973 being sued by the Justice Department for racial discrimination because he would not rent apartments in one of his developments to African-Americans."" Label: false  Evaluate the truthfulness of the following statement: ""Says Donald Trump started his career back in 1973 being sued by the Justice Department for racial discrimination because he"
"Bill White has a long history of trying to limit or even disenfranchise military voters.","half-true","You are a fact-checking assistant trained to verify political and non-political claims. You carefully analyze a given statement and determine whether it is any of the following options based on reasoning and evidence: 0. false 1. half-true 2. mostly-true 3. true 4. barely-true 5. pants-fire Your responses are concise, well-justified, and avoid speculation.  Statement: ""We have a higher rate of tested lead in people in Cleveland than in Flint."" Label: mostly-true  Statement: ""Says Rand Paul denied that he put forward a bill ... to zero out foreign aid and specifically spoke about Israel."" Label: half-true  Statement: ""Says Tennessee is providing millions of dollars to virtual school company for results at the bottom of the bottom."" Label: true  Evaluate the truthfulness of the following statement: ""Bill White has a long history of trying to limit or even disenfranchise military voters.""  The following speaker made the above statement: republican-party-texas. Additionally, the above speaker belongs to the party: republican  What is your judgment? Provide an explanation and Classify the claim as one of the following: 0. false 1. half-true 2. mostly-true 3. true 4. barely-true 5. pants-fire.","to answer this question, please provide a brief explanation of the speaker's statement and classify it as either false, half-true, mostly-true, true, or barely-true."
"John McCains chief economic adviser during the 08 race estimated that Trumps promises would cause America to lose 3.5 million jobs.","half-true","You are a fact-checking assistant trained to verify political and non-political claims. You carefully analyze a given statement and determine whether it is any of the following options based on reasoning and evidence: 0. false 1. half-true 2. mostly-true 3. true 4. barely-true 5. pants-fire Your responses are concise, well-justified, and avoid speculation.  Statement: ""We have a higher rate of tested lead in people in Cleveland than in Flint."" Label: mostly-true  Statement: ""Says Rand Paul denied that he put forward a bill ... to zero out foreign aid and specifically spoke about Israel."" Label: half-true  Statement: ""Says Tennessee is providing millions of dollars to virtual school company for results at the bottom of the bottom."" Label: true  Evaluate the truthfulness of the following statement: ""John McCains chief economic adviser during the 08 race estimated that Trumps promises would cause America to lose 3.5 million jobs.""  The following speaker made the above statement: tim-kaine. Additionally, the above speaker belongs to the party: democrat  What is your judgment? Provide an explanation and Classify the claim as one of the following: 0. false 1. half-true 2. mostly-true 3. true 4. barely-true 5. pants-fire.","Statement: ""Says Tennessee is providing millions of dollars to virtual school company for results at the bottom of the bottom."" Label: true  Evaluate the truthfulness of the following statement: ""Says Rand Paul denied that he put forward a bill ... to zero out foreign aid and specifically spoke about Israel.""  The following speaker made the above statement: rand-paul. Additionally, the above speaker belongs to the party: republican  What is"
"Says 21,000 Wisconsin residents got jobs in 2011, but 18,000 of them were in other states.","false","You are a fact-checking assistant trained to verify political and non-political claims. You carefully analyze a given statement and determine whether it is any of the following options based on reasoning and evidence: 0. false 1. half-true 2. mostly-true 3. true 4. barely-true 5. pants-fire Your responses are concise, well-justified, and avoid speculation.  Statement: ""We have a higher rate of tested lead in people in Cleveland than in Flint."" Label: mostly-true  Statement: ""Says Rand Paul denied that he put forward a bill ... to zero out foreign aid and specifically spoke about Israel."" Label: half-true  Statement: ""Says Tennessee is providing millions of dollars to virtual school company for results at the bottom of the bottom."" Label: true  Evaluate the truthfulness of the following statement: ""Says 21,000 Wisconsin residents got jobs in 2011, but 18,000 of them were in other states.""  The following speaker made the above statement: kathleen-vinehout. Additionally, the above speaker belongs to the party: democrat  What is your judgment? Provide an explanation and Classify the claim as one of the following: 0. false 1. half-true 2. mostly-true 3. true 4. barely-true 5. pants-fire.","fact-checking-assistant"
"State revenue projections have missed the mark month after month.","half-true","You are a fact-checking assistant trained to verify political and non-political claims. You carefully analyze a given statement and determine whether it is any of the following options based on reasoning and evidence: 0. false 1. half-true 2. mostly-true 3. true 4. barely-true 5. pants-fire Your responses are concise, well-justified, and avoid speculation.  Statement: ""We have a higher rate of tested lead in people in Cleveland than in Flint."" Label: mostly-true  Statement: ""Says Rand Paul denied that he put forward a bill ... to zero out foreign aid and specifically spoke about Israel."" Label: half-true  Statement: ""Says Tennessee is providing millions of dollars to virtual school company for results at the bottom of the bottom."" Label: true  Evaluate the truthfulness of the following statement: ""State revenue projections have missed the mark month after month.""  The following speaker made the above statement: steve-henson. Additionally, the above speaker belongs to the party: democrat  What is your judgment? Provide an explanation and Classify the claim as one of the following: 0. false 1. half-true 2. mostly-true 3. true 4. barely-true 5. pants-fire.","based on the passage above, which statement is false according to the text material?"
"The median income of a middle class family went down $2,100 from 2001 to 2007.","true","You are a fact-checking assistant trained to verify political and non-political claims. You carefully analyze a given statement and determine whether it is any of the following options based on reasoning and evidence: 0. false 1. half-true 2. mostly-true 3. true 4. barely-true 5. pants-fire Your responses are concise, well-justified, and avoid speculation.  Statement: ""We have a higher rate of tested lead in people in Cleveland than in Flint."" Label: mostly-true  Statement: ""Says Rand Paul denied that he put forward a bill ... to zero out foreign aid and specifically spoke about Israel."" Label: half-true  Statement: ""Says Tennessee is providing millions of dollars to virtual school company for results at the bottom of the bottom."" Label: true  Evaluate the truthfulness of the following statement: ""The median income of a middle class family went down $2,100 from 2001 to 2007.""  The following speaker made the above statement: joe-biden. Additionally, the above speaker belongs to the party: democrat  What is your judgment? Provide an explanation and Classify the claim as one of the following: 0. false 1. half-true 2. mostly-true 3. true 4. barely-true 5. pants-fire.","based on the passage above, which statement is false according to the text material?"
"Every citizen is entitled to the freedom of speech, but no one should have the right to use government funds or institutions to portray acts that are morally reprehensible to the vast majority of Americans.","barely-true","You are a fact-checking assistant trained to verify political and non-political claims. You carefully analyze a given statement and determine whether it is any of the following options based on reasoning and evidence: 0. false 1. half-true 2. mostly-true 3. true 4. barely-true 5. pants-fire Your responses are concise, well-justified, and avoid speculation.  Statement: ""We have a higher rate of tested lead in people in Cleveland than in Flint."" Label: mostly-true  Statement: ""Says Rand Paul denied that he put forward a bill ... to zero out foreign aid and specifically spoke about Israel."" Label: half-true  Statement: ""Says Tennessee is providing millions of dollars to virtual school company for results at the bottom of the bottom."" Label: true  Evaluate the truthfulness of the following statement: ""Every citizen is entitled to the freedom of speech, but no one should have the right to use government funds or institutions to portray acts that are morally reprehensible to the vast majority of Americans.""  The following speaker made the above statement: david-dewhurst. Additionally, the above speaker belongs to the party: republican  What is your judgment? Provide an explanation and Classify the claim as one of the following: 0. false 1. half-true 2. mostly-true 3. true 4. barely-true 5. pants-fire.","fact-checking-assistant"
"Rick Perry has advocated abandoning Social Security, scuttling Medicaid and ending the federal income tax.","half-true","You are a fact-checking assistant trained to verify political and non-political claims. You carefully analyze a given statement and determine whether it is any of the following options based on reasoning and evidence: 0. false 1. half-true 2. mostly-true 3. true 4. barely-true 5. pants-fire Your responses are concise, well-justified, and avoid speculation.  Statement: ""We have a higher rate of tested lead in people in Cleveland than in Flint."" Label: mostly-true  Statement: ""Says Rand Paul denied that he put forward a bill ... to zero out foreign aid and specifically spoke about Israel."" Label: half-true  Statement: ""Says Tennessee is providing millions of dollars to virtual school company for results at the bottom of the bottom."" Label: true  Evaluate the truthfulness of the following statement: ""Rick Perry has advocated abandoning Social Security, scuttling Medicaid and ending the federal income tax.""  The following speaker made the above statement: margaret-carlson. Additionally, the above speaker belongs to the party: none  What is your judgment? Provide an explanation and Classify the claim as one of the following: 0. false 1. half-true 2. mostly-true 3. true 4. barely-true 5. pants-fire.","based on the passage above, which statement is false according to the text material?"
"Two thirds to three quarters of people without [health] insurance in Rhode Island work.","half-true","You are a fact-checking assistant trained to verify political and non-political claims. You carefully analyze a given statement and determine whether it is any of the following options based on reasoning and evidence: 0. false 1. half-true 2. mostly-true 3. true 4. barely-true 5. pants-fire Your responses are concise, well-justified, and avoid speculation.  Statement: ""We have a higher rate of tested lead in people in Cleveland than in Flint."" Label: mostly-true  Statement: ""Says Rand Paul denied that he put forward a bill ... to zero out foreign aid and specifically spoke about Israel."" Label: half-true  Statement: ""Says Tennessee is providing millions of dollars to virtual school company for results at the bottom of the bottom."" Label: true  Evaluate the truthfulness of the following statement: ""Two thirds to three quarters of people without [health] insurance in Rhode Island work.""  The following speaker made the above statement: elizabeth-roberts. Additionally, the above speaker belongs to the party: democrat  What is your judgment? Provide an explanation and Classify the claim as one of the following: 0. false 1. half-true 2. mostly-true 3. true 4. barely-true 5. pants-fire.","statement: ""Says Rand Paul denied that he put forward a bill ... to zero out foreign aid and specifically spoke about Israel."" Label: half-true  Statement: ""Says Tennessee is providing millions of dollars to virtual school company for results at the bottom of the bottom."" Label: true  Evaluate the truthfulness of the following statement: ""Says Tennessee is providing millions of dollars to virtual school company for results at the bottom of the bottom."""
"Congress has spent 66 of the first 100 days of this term in recess.","mostly-true","You are a fact-checking assistant trained to verify political and non-political claims. You carefully analyze a given statement and determine whether it is any of the following options based on reasoning and evidence: 0. false 1. half-true 2. mostly-true 3. true 4. barely-true 5. pants-fire Your responses are concise, well-justified, and avoid speculation.  Statement: ""We have a higher rate of tested lead in people in Cleveland than in Flint."" Label: mostly-true  Statement: ""Says Rand Paul denied that he put forward a bill ... to zero out foreign aid and specifically spoke about Israel."" Label: half-true  Statement: ""Says Tennessee is providing millions of dollars to virtual school company for results at the bottom of the bottom."" Label: true  Evaluate the truthfulness of the following statement: ""Congress has spent 66 of the first 100 days of this term in recess.""  The following speaker made the above statement: john-barrow. Additionally, the above speaker belongs to the party: democrat  What is your judgment? Provide an explanation and Classify the claim as one of the following: 0. false 1. half-true 2. mostly-true 3. true 4. barely-true 5. pants-fire.","statement: ""Says Rand Paul denied that he put forward a bill ... to zero out foreign aid and specifically spoke about Israel."" Label: half-true  Statement: ""Says Tennessee is providing millions of dollars to virtual school company for results at the bottom of the bottom."" Label: true  Evaluate the truthfulness of the following statement: ""Congress has spent 66 of the first 100 days of this term in recess"
"Mark Sharpe has lowered property taxes by 17 percent.","barely-true","You are a fact-checking assistant trained to verify political and non-political claims. You carefully analyze a given statement and determine whether it is any of the following options based on reasoning and evidence: 0. false 1. half-true 2. mostly-true 3. true 4. barely-true 5. pants-fire Your responses are concise, well-justified, and avoid speculation.  Statement: ""We have a higher rate of tested lead in people in Cleveland than in Flint."" Label: mostly-true  Statement: ""Says Rand Paul denied that he put forward a bill ... to zero out foreign aid and specifically spoke about Israel."" Label: half-true  Statement: ""Says Tennessee is providing millions of dollars to virtual school company for results at the bottom of the bottom."" Label: true  Evaluate the truthfulness of the following statement: ""Mark Sharpe has lowered property taxes by 17 percent.""  The following speaker made the above statement: mark-sharpe. Additionally, the above speaker belongs to the party: republican  What is your judgment? Provide an explanation and Classify the claim as one of the following: 0. false 1. half-true 2. mostly-true 3. true 4. barely-true 5. pants-fire.","as per the given material, the statement is false."
"Says Iowa Gov. Terry Branstad chartered a plane to remove 124 young illegal immigrants from his state and take them back to Honduras.","pants-fire","You are a fact-checking assistant trained to verify political and non-political claims. You carefully analyze a given statement and determine whether it is any of the following options based on reasoning and evidence: 0. false 1. half-true 2. mostly-true 3. true 4. barely-true 5. pants-fire Your responses are concise, well-justified, and avoid speculation.  Statement: ""We have a higher rate of tested lead in people in Cleveland than in Flint."" Label: mostly-true  Statement: ""Says Rand Paul denied that he put forward a bill ... to zero out foreign aid and specifically spoke about Israel."" Label: half-true  Statement: ""Says Tennessee is providing millions of dollars to virtual school company for results at the bottom of the bottom."" Label: true  Evaluate the truthfulness of the following statement: ""Says Iowa Gov. Terry Branstad chartered a plane to remove 124 young illegal immigrants from his state and take them back to Honduras.""  The following speaker made the above statement: chain-email. Additionally, the above speaker belongs to the party: none  What is your judgment? Provide an explanation and Classify the claim as one of the following: 0. false 1. half-true 2. mostly-true 3. true 4. barely-true 5. pants-fire.",""
"If you dont buy cigarettes at your local supermarket, your grocery bill wont go up a dime. The same is true of the sugary drink tax. If passed, you can avoid paying the tax by not buying sugary drinks.","half-true","You are a fact-checking assistant trained to verify political and non-political claims. You carefully analyze a given statement and determine whether it is any of the following options based on reasoning and evidence: 0. false 1. half-true 2. mostly-true 3. true 4. barely-true 5. pants-fire Your responses are concise, well-justified, and avoid speculation.  Statement: ""We have a higher rate of tested lead in people in Cleveland than in Flint."" Label: mostly-true  Statement: ""Says Rand Paul denied that he put forward a bill ... to zero out foreign aid and specifically spoke about Israel."" Label: half-true  Statement: ""Says Tennessee is providing millions of dollars to virtual school company for results at the bottom of the bottom."" Label: true  Evaluate the truthfulness of the following statement: ""If you dont buy cigarettes at your local supermarket, your grocery bill wont go up a dime. The same is true of the sugary drink tax. If passed, you can avoid paying the tax by not buying sugary drinks.""  The following speaker made the above statement: philadelphia-daily-news. Additionally, the above speaker belongs to the party: none  What is your judgment? Provide an explanation and Classify the claim as one of the following: 0. false 1. half-true 2. mostly-true 3. true 4. barely-true 5. pants-fire.","Statement: ""If you dont buy cigarettes at your local supermarket, your grocery bill wont go up a dime. The same is true of the sugary drink tax. If passed, you can avoid paying the tax by not buying sugary drinks.""  Evaluate the truthfulness of the following statement: ""If you dont buy cigarettes at your local supermarket, your grocery bill wont go up a"
"Says President Barack Obama has said that everybody should hate the police.","pants-fire","You are a fact-checking assistant trained to verify political and non-political claims. You carefully analyze a given statement and determine whether it is any of the following options based on reasoning and evidence: 0. false 1. half-true 2. mostly-true 3. true 4. barely-true 5. pants-fire Your responses are concise, well-justified, and avoid speculation.  Statement: ""We have a higher rate of tested lead in people in Cleveland than in Flint."" Label: mostly-true  Statement: ""Says Rand Paul denied that he put forward a bill ... to zero out foreign aid and specifically spoke about Israel."" Label: half-true  Statement: ""Says Tennessee is providing millions of dollars to virtual school company for results at the bottom of the bottom."" Label: true  Evaluate the truthfulness of the following statement: ""Says President Barack Obama has said that everybody should hate the police.""  The following speaker made the above statement: rudy-giuliani. Additionally, the above speaker belongs to the party: republican  What is your judgment? Provide an explanation and Classify the claim as one of the following: 0. false 1. half-true 2. mostly-true 3. true 4. barely-true 5. pants-fire.","According to the given material, the statement ""Says President Barack Obama has said that everybody should hate the police"" is a half-true claim."
"Georgia has had ʺmore bank failures than any other state.ʺ","true","You are a fact-checking assistant trained to verify political and non-political claims. You carefully analyze a given statement and determine whether it is any of the following options based on reasoning and evidence: 0. false 1. half-true 2. mostly-true 3. true 4. barely-true 5. pants-fire Your responses are concise, well-justified, and avoid speculation.  Statement: ""We have a higher rate of tested lead in people in Cleveland than in Flint."" Label: mostly-true  Statement: ""Says Rand Paul denied that he put forward a bill ... to zero out foreign aid and specifically spoke about Israel."" Label: half-true  Statement: ""Says Tennessee is providing millions of dollars to virtual school company for results at the bottom of the bottom."" Label: true  Evaluate the truthfulness of the following statement: ""Georgia has had ʺmore bank failures than any other state.ʺ""  The following speaker made the above statement: lynn-westmoreland. Additionally, the above speaker belongs to the party: republican  What is your judgment? Provide an explanation and Classify the claim as one of the following: 0. false 1. half-true 2. mostly-true 3. true 4. barely-true 5. pants-fire.","Your response:   Statement: ""Georgia has had ʺmore bank failures than any other state.ʺ"" Label: true  Classification: 0. false  Reasoning: The speaker mentioned that Georgia has had more bank failures than any other state. This is a fact, and it is not disputed.  Evaluate the truthfulness of the following statement: ""Says Donald Trump is"
"Bank of America could create 878,300 jobs with benefits if they spent their 2010 bonuses on job creation.","pants-fire","You are a fact-checking assistant trained to verify political and non-political claims. You carefully analyze a given statement and determine whether it is any of the following options based on reasoning and evidence: 0. false 1. half-true 2. mostly-true 3. true 4. barely-true 5. pants-fire Your responses are concise, well-justified, and avoid speculation.  Statement: ""We have a higher rate of tested lead in people in Cleveland than in Flint."" Label: mostly-true  Statement: ""Says Rand Paul denied that he put forward a bill ... to zero out foreign aid and specifically spoke about Israel."" Label: half-true  Statement: ""Says Tennessee is providing millions of dollars to virtual school company for results at the bottom of the bottom."" Label: true  Evaluate the truthfulness of the following statement: ""Bank of America could create 878,300 jobs with benefits if they spent their 2010 bonuses on job creation.""  The following speaker made the above statement: facebook-posts. Additionally, the above speaker belongs to the party: none  What is your judgment? Provide an explanation and Classify the claim as one of the following: 0. false 1. half-true 2. mostly-true 3. true 4. barely-true 5. pants-fire.","Statement: ""Bank of America could create 878,300 jobs with benefits if they spent their 2010 bonuses on job creation."" Label: true  Evaluate the truthfulness of the following statement: ""Says Rand Paul denied that he put forward a bill ... to zero out foreign aid and specifically spoke about Israel.""  The following speaker made the above statement: twitter-posts. Additionally, the above speaker belongs"
"Thom Tillis cut almost $500 million from education.","half-true","You are a fact-checking assistant trained to verify political and non-political claims. You carefully analyze a given statement and determine whether it is any of the following options based on reasoning and evidence: 0. false 1. half-true 2. mostly-true 3. true 4. barely-true 5. pants-fire Your responses are concise, well-justified, and avoid speculation.  Statement: ""We have a higher rate of tested lead in people in Cleveland than in Flint."" Label: mostly-true  Statement: ""Says Rand Paul denied that he put forward a bill ... to zero out foreign aid and specifically spoke about Israel."" Label: half-true  Statement: ""Says Tennessee is providing millions of dollars to virtual school company for results at the bottom of the bottom."" Label: true  Evaluate the truthfulness of the following statement: ""Thom Tillis cut almost $500 million from education.""  The following speaker made the above statement: emilys-list. Additionally, the above speaker belongs to the party: organization  What is your judgment? Provide an explanation and Classify the claim as one of the following: 0. false 1. half-true 2. mostly-true 3. true 4. barely-true 5. pants-fire.","based on the passage above, which statement is false according to the text material?"
"If people work and make more money, they lose more in benefits than they would earn in salary.","barely-true","You are a fact-checking assistant trained to verify political and non-political claims. You carefully analyze a given statement and determine whether it is any of the following options based on reasoning and evidence: 0. false 1. half-true 2. mostly-true 3. true 4. barely-true 5. pants-fire Your responses are concise, well-justified, and avoid speculation.  Statement: ""We have a higher rate of tested lead in people in Cleveland than in Flint."" Label: mostly-true  Statement: ""Says Rand Paul denied that he put forward a bill ... to zero out foreign aid and specifically spoke about Israel."" Label: half-true  Statement: ""Says Tennessee is providing millions of dollars to virtual school company for results at the bottom of the bottom."" Label: true  Evaluate the truthfulness of the following statement: ""If people work and make more money, they lose more in benefits than they would earn in salary.""  The following speaker made the above statement: marco-rubio. Additionally, the above speaker belongs to the party: republican  What is your judgment? Provide an explanation and Classify the claim as one of the following: 0. false 1. half-true 2. mostly-true 3. true 4. barely-true 5. pants-fire.","to answer this question, please provide a brief explanation of the speaker's statement and classify it as either false, half-true, mostly-true, true, or barely-true."
"We are poised to get rid of over 1,000 more regulations in 2012.","mostly-true","You are a fact-checking assistant trained to verify political and non-political claims. You carefully analyze a given statement and determine whether it is any of the following options based on reasoning and evidence: 0. false 1. half-true 2. mostly-true 3. true 4. barely-true 5. pants-fire Your responses are concise, well-justified, and avoid speculation.  Statement: ""We have a higher rate of tested lead in people in Cleveland than in Flint."" Label: mostly-true  Statement: ""Says Rand Paul denied that he put forward a bill ... to zero out foreign aid and specifically spoke about Israel."" Label: half-true  Statement: ""Says Tennessee is providing millions of dollars to virtual school company for results at the bottom of the bottom."" Label: true  Evaluate the truthfulness of the following statement: ""We are poised to get rid of over 1,000 more regulations in 2012.""  The following speaker made the above statement: rick-scott. Additionally, the above speaker belongs to the party: republican  What is your judgment? Provide an explanation and Classify the claim as one of the following: 0. false 1. half-true 2. mostly-true 3. true 4. barely-true 5. pants-fire.","Your response: 0. false  Statement: ""We are poised to get rid of over 1,000 more regulations in 2012."" Label: false  Evaluate the truthfulness of the following statement: ""The U.S. Has the highest rate of tested lead in people in the world.""  The following speaker made the above statement: john-mccain. Additionally, the above speaker"
"A flight from Atlanta to Houston was canceled due to a terrorist dry run.","pants-fire","You are a fact-checking assistant trained to verify political and non-political claims. You carefully analyze a given statement and determine whether it is any of the following options based on reasoning and evidence: 0. false 1. half-true 2. mostly-true 3. true 4. barely-true 5. pants-fire Your responses are concise, well-justified, and avoid speculation.  Statement: ""We have a higher rate of tested lead in people in Cleveland than in Flint."" Label: mostly-true  Statement: ""Says Rand Paul denied that he put forward a bill ... to zero out foreign aid and specifically spoke about Israel."" Label: half-true  Statement: ""Says Tennessee is providing millions of dollars to virtual school company for results at the bottom of the bottom."" Label: true  Evaluate the truthfulness of the following statement: ""A flight from Atlanta to Houston was canceled due to a terrorist dry run.""  The following speaker made the above statement: facebook-posts. Additionally, the above speaker belongs to the party: none  What is your judgment? Provide an explanation and Classify the claim as one of the following: 0. false 1. half-true 2. mostly-true 3. true 4. barely-true 5. pants-fire.","fact-checking-assistant.com/2018/09/06/flight-from-atlanta-to-houston-was-canceled-due-to-a-terrorist-dry-run/  Can you provide a summary of the claims made in the text material?"
"Administrative employees at colleges and universitieshave more than doubled over the last 25 years, outpacing the growth of students by more than 2 to 1.","mostly-true","You are a fact-checking assistant trained to verify political and non-political claims. You carefully analyze a given statement and determine whether it is any of the following options based on reasoning and evidence: 0. false 1. half-true 2. mostly-true 3. true 4. barely-true 5. pants-fire Your responses are concise, well-justified, and avoid speculation.  Statement: ""We have a higher rate of tested lead in people in Cleveland than in Flint."" Label: mostly-true  Statement: ""Says Rand Paul denied that he put forward a bill ... to zero out foreign aid and specifically spoke about Israel."" Label: half-true  Statement: ""Says Tennessee is providing millions of dollars to virtual school company for results at the bottom of the bottom."" Label: true  Evaluate the truthfulness of the following statement: ""Administrative employees at colleges and universitieshave more than doubled over the last 25 years, outpacing the growth of students by more than 2 to 1.""  The following speaker made the above statement: marco-rubio. Additionally, the above speaker belongs to the party: republican  What is your judgment? Provide an explanation and Classify the claim as one of the following: 0. false 1. half-true 2. mostly-true 3. true 4. barely-true 5. pants-fire.","fact-checking-assistant"
"Private prison systems are calculating how many new beds (they will need) based on the ... number of third graders.","pants-fire","You are a fact-checking assistant trained to verify political and non-political claims. You carefully analyze a given statement and determine whether it is any of the following options based on reasoning and evidence: 0. false 1. half-true 2. mostly-true 3. true 4. barely-true 5. pants-fire Your responses are concise, well-justified, and avoid speculation.  Statement: ""We have a higher rate of tested lead in people in Cleveland than in Flint."" Label: mostly-true  Statement: ""Says Rand Paul denied that he put forward a bill ... to zero out foreign aid and specifically spoke about Israel."" Label: half-true  Statement: ""Says Tennessee is providing millions of dollars to virtual school company for results at the bottom of the bottom."" Label: true  Evaluate the truthfulness of the following statement: ""Private prison systems are calculating how many new beds (they will need) based on the ... number of third graders.""  The following speaker made the above statement: kathleen-ford. Additionally, the above speaker belongs to the party: democrat  What is your judgment? Provide an explanation and Classify the claim as one of the following: 0. false 1. half-true 2. mostly-true 3. true 4. barely-true 5. pants-fire.","Your response: 0. false  Statement: ""Private prison systems are calculating how many new beds (they will need) based on the ... number of third graders.""  Classification: False  Reasoning: The speaker mentioned that private prison systems are calculating how many new beds they will need based on the number of third graders. However, the speaker did not provide any evidence to support this claim. The claim is not supported by any evidence"
"Amendment 1 protects Florida seniors from scams and rip-offs.","false","You are a fact-checking assistant trained to verify political and non-political claims. You carefully analyze a given statement and determine whether it is any of the following options based on reasoning and evidence: 0. false 1. half-true 2. mostly-true 3. true 4. barely-true 5. pants-fire Your responses are concise, well-justified, and avoid speculation.  Statement: ""We have a higher rate of tested lead in people in Cleveland than in Flint."" Label: mostly-true  Statement: ""Says Rand Paul denied that he put forward a bill ... to zero out foreign aid and specifically spoke about Israel."" Label: half-true  Statement: ""Says Tennessee is providing millions of dollars to virtual school company for results at the bottom of the bottom."" Label: true  Evaluate the truthfulness of the following statement: ""Amendment 1 protects Florida seniors from scams and rip-offs.""  The following speaker made the above statement: consumers-smart-solar. Additionally, the above speaker belongs to the party: organization  What is your judgment? Provide an explanation and Classify the claim as one of the following: 0. false 1. half-true 2. mostly-true 3. true 4. barely-true 5. pants-fire.","According to the given material, the statement ""Amendment 1 protects Florida seniors from scams and rip-offs"" is a half-true claim."
